#{"t_start": 1701552347.621805, "env_id": "CartPole-v1"}
r,l,t
23.0,23,0.235544
23.0,23,0.23714
25.0,25,0.238839
24.0,24,0.240453
19.0,19,0.241744
25.0,25,0.287614
23.0,23,0.28919
23.0,23,0.290748
19.0,19,0.292034
24.0,24,0.293644
20.0,20,0.565659
36.0,36,0.568086
18.0,18,0.569315
32.0,32,0.571477
34.0,34,0.57377
223.0,223,0.836681
209.0,209,0.851784
16.0,16,0.852945
11.0,11,0.853706
207.0,207,0.867124
